-- phpMyAdmin SQL Dump
-- version 5.2.1
-- https://www.phpmyadmin.net/
--
-- Máy chủ: 127.0.0.1
-- Thời gian đã tạo: Th9 12, 2024 lúc 09:47 AM
-- Phiên bản máy phục vụ: 10.4.32-MariaDB
-- Phiên bản PHP: 8.0.30

SET SQL_MODE = "NO_AUTO_VALUE_ON_ZERO";
START TRANSACTION;
SET time_zone = "+00:00";


/*!40101 SET @OLD_CHARACTER_SET_CLIENT=@@CHARACTER_SET_CLIENT */;
/*!40101 SET @OLD_CHARACTER_SET_RESULTS=@@CHARACTER_SET_RESULTS */;
/*!40101 SET @OLD_COLLATION_CONNECTION=@@COLLATION_CONNECTION */;
/*!40101 SET NAMES utf8mb4 */;

--
-- Cơ sở dữ liệu: `books`
--

-- --------------------------------------------------------

--
-- Cấu trúc bảng cho bảng `authors`
--

CREATE TABLE `authors` (
  `author_id` int(11) NOT NULL,
  `author_name` varchar(100) NOT NULL
) ENGINE=InnoDB DEFAULT CHARSET=utf8mb4 COLLATE=utf8mb4_general_ci;

--
-- Đang đổ dữ liệu cho bảng `authors`
--

INSERT INTO `authors` (`author_id`, `author_name`) VALUES
(1, 'J.K.Rowling'),
(2, 'Harper Lee'),
(3, 'George Orwell'),
(4, 'Jane Austen'),
(5, 'F.Scott Fitzgerald');

-- --------------------------------------------------------

--
-- Cấu trúc bảng cho bảng `books`
--

CREATE TABLE `books` (
  `book_id` int(11) NOT NULL,
  `title` varchar(200) NOT NULL,
  `author_id` int(11) NOT NULL,
  `publisher_id` int(11) NOT NULL,
  `publication_year` int(11) NOT NULL
) ENGINE=InnoDB DEFAULT CHARSET=utf8mb4 COLLATE=utf8mb4_general_ci;

--
-- Đang đổ dữ liệu cho bảng `books`
--

INSERT INTO `books` (`book_id`, `title`, `author_id`, `publisher_id`, `publication_year`) VALUES
(1, 'Harry Potter and the Sorcerer\'s Store', 1, 1, 1997),
(2, 'To Kill a Mockingbird', 2, 2, 1960),
(3, '1984', 3, 3, 1949),
(4, 'Pride and Prejudice', 4, 4, 1813),
(5, 'The Great Gátby', 5, 5, 1925);

-- --------------------------------------------------------

--
-- Cấu trúc bảng cho bảng `publishers`
--

CREATE TABLE `publishers` (
  `publisher_id` int(11) NOT NULL,
  `publisher_name` varchar(100) NOT NULL
) ENGINE=InnoDB DEFAULT CHARSET=utf8mb4 COLLATE=utf8mb4_general_ci;

--
-- Đang đổ dữ liệu cho bảng `publishers`
--

INSERT INTO `publishers` (`publisher_id`, `publisher_name`) VALUES
(0, ''),
(1, 'Publisher A'),
(2, 'Publisher B'),
(3, 'Publisher C'),
(4, 'Publisher D'),
(5, 'Publisher E');

--
-- Chỉ mục cho các bảng đã đổ
--

--
-- Chỉ mục cho bảng `authors`
--
ALTER TABLE `authors`
  ADD PRIMARY KEY (`author_id`);

--
-- Chỉ mục cho bảng `books`
--
ALTER TABLE `books`
  ADD PRIMARY KEY (`book_id`),
  ADD KEY `author_id` (`author_id`,`publisher_id`),
  ADD KEY `publisher_id` (`publisher_id`);

--
-- Chỉ mục cho bảng `publishers`
--
ALTER TABLE `publishers`
  ADD PRIMARY KEY (`publisher_id`);

--
-- Các ràng buộc cho các bảng đã đổ
--

--
-- Các ràng buộc cho bảng `books`
--
ALTER TABLE `books`
  ADD CONSTRAINT `books_ibfk_1` FOREIGN KEY (`author_id`) REFERENCES `authors` (`author_id`),
  ADD CONSTRAINT `books_ibfk_2` FOREIGN KEY (`publisher_id`) REFERENCES `publishers` (`publisher_id`);
COMMIT;

/*!40101 SET CHARACTER_SET_CLIENT=@OLD_CHARACTER_SET_CLIENT */;
/*!40101 SET CHARACTER_SET_RESULTS=@OLD_CHARACTER_SET_RESULTS */;
/*!40101 SET COLLATION_CONNECTION=@OLD_COLLATION_CONNECTION */;
